Handle,Title,Body (HTML),Vendor,Product Category,Type,Tags,Published,Option1 Name,Option1 Value,Variant SKU,Variant Grams,Variant Inventory Tracker,Variant Inventory Policy,Variant Fulfillment Service,Variant Price,Variant Compare At Price,Variant Requires Shipping,Variant Taxable,Image Src,Image Position,Image Alt Text,Gift Card,SEO Title,SEO Description,Status
puppy-training-plan,The 30-Day Puppy Training Plan,"<p><strong>Turn puppy chaos into calm routines in 30 days, with five-minute daily sessions that actually fit your life.</strong></p>
<p>Most new puppy owners don't need more tips. They need a plan: what to teach today, what to practice tomorrow, and how to know it's working. This week-by-week, positive reinforcement program takes you from day one through a confident, well-mannered pup, one small win at a time.</p>
<h3>What's inside</h3>
<ul>
  <li><strong>Week 1: Foundations</strong> - name recognition, crate comfort, potty schedule, and handling</li>
  <li><strong>Week 2: Core cues</strong> - sit, down, come, and a reliable marker word</li>
  <li><strong>Week 3: Real-life manners</strong> - loose-leash walking basics, polite greetings, settle on a mat</li>
  <li><strong>Week 4: Proofing</strong> - adding distance, duration, and distractions so cues stick anywhere</li>
  <li><strong>30-day daily plan table</strong> - exactly what to practice each day, in short sessions</li>
  <li><strong>Potty training log</strong> and printable <strong>progress tracker</strong> to see wins at a glance</li>
  <li>Troubleshooting pages for nipping, jumping, whining in the crate, and accidents</li>
  <li>About 16 pages, clean, printer-friendly design</li>
</ul>
<h3>Who it's for</h3>
<ul>
  <li>New puppy owners (roughly 8 weeks to 6 months) who want a clear starting point</li>
  <li>Busy families who can commit 10-15 minutes a day, split into short sessions</li>
  <li>Anyone who prefers kind, reward-based training over harsh corrections</li>
  <li>Adopters of young rescue dogs building trust and routine from scratch</li>
</ul>
<h3>Format</h3>
<p><strong>Instant PDF download, US Letter, print or use on tablet.</strong> Your download link arrives by email right after checkout and is also available on your order confirmation page. No shipping, no waiting. Print as many copies as you need for your own household, or fill it in on a tablet with any PDF annotation app.</p>
<p><em>Digital product: no physical item will be shipped. For personal, non-commercial use. This guide is educational and does not replace advice from your veterinarian or a certified trainer.</em></p>",Mavilo Pet Co.,Media > Books > E-books,Digital Guide,"digital download, pdf, printable, puppy, dog training, potty training, positive reinforcement, new puppy",FALSE,Title,Default Title,MAV-DG-PUPPY30,0,,continue,manual,14.00,,FALSE,TRUE,,,,FALSE,30-Day Puppy Training Plan | Printable PDF,"A week-by-week, positive reinforcement puppy training plan with a daily schedule, potty log, and progress tracker. Instant PDF download.",draft
new-pet-starter-checklist,New Pet Starter Checklist Kit (Dogs & Cats),"<p><strong>Bringing home a new dog or cat? Get everything ready the first time, without overbuying or forgetting the essentials.</strong></p>
<p>The days before and after a new pet arrives are exciting and overwhelming. This printable kit turns the to-do list in your head into simple checklists, so you can shop smart, pet-proof your home, and settle in with confidence.</p>
<h3>What's inside</h3>
<ul>
  <li><strong>Shopping checklists</strong> for dogs and for cats - essentials vs. nice-to-haves</li>
  <li><strong>Room-by-room pet-proofing checklist</strong> - cords, plants, chemicals, small objects, and more</li>
  <li><strong>First-day and first-week plan</strong> - homecoming, sleep setup, feeding, and quiet decompression</li>
  <li><strong>First-month plan</strong> - vet visit, routines, socialization, and basic training milestones</li>
  <li><strong>New pet budget planner</strong> - one-time setup costs and monthly recurring costs</li>
  <li>Important contacts and pet info page for sitters and family members</li>
</ul>
<h3>Who it's for</h3>
<ul>
  <li>First-time dog or cat owners preparing for adoption day</li>
  <li>Families adding a second pet who want a fresh, organized plan</li>
  <li>Shelter and rescue adopters who want a calm, low-stress transition</li>
  <li>Gift-givers helping a friend welcome a new pet</li>
</ul>
<h3>Format</h3>
<p><strong>Instant PDF download, US Letter, print or use on tablet.</strong> Your download link arrives by email right after checkout and is also available on your order confirmation page. No shipping, no waiting. Print as many copies as you need for your own household, or fill it in on a tablet with any PDF annotation app.</p>
<p><em>Digital product: no physical item will be shipped. For personal, non-commercial use. This guide is educational and does not replace advice from your veterinarian or a certified trainer.</em></p>",Mavilo Pet Co.,Media > Books > E-books,Digital Guide,"digital download, pdf, printable, new puppy, new kitten, adoption, checklist, pet budget, dogs, cats",FALSE,Title,Default Title,MAV-DG-STARTER,0,,continue,manual,7.00,,FALSE,TRUE,,,,FALSE,New Pet Starter Checklist Kit | Dogs & Cats PDF,"Printable new puppy and kitten checklists: what to buy, pet-proofing, first week and month plans, and a budget planner. Instant PDF download.",draft
pet-health-record-book,Pet Health & Care Record Book,"<p><strong>Never dig through emails for vaccine dates again. Keep your pet's whole health story in one organized place.</strong></p>
<p>When the boarding kennel asks for proof of rabies vaccination, or the emergency vet asks when the last dose was given, you'll have the answer in seconds. This printable record book keeps vaccinations, vet visits, medications, weight, and grooming neatly logged for every pet in your home.</p>
<h3>What's inside</h3>
<ul>
  <li><strong>Pet profile page</strong> - microchip number, insurance, vet and emergency contacts</li>
  <li><strong>Vaccination record</strong> - vaccine, date given, lot number, next due date</li>
  <li><strong>Vet visit log</strong> - reason for visit, findings, recommendations, follow-ups</li>
  <li><strong>Medication and preventive tracker</strong> - dosage, schedule, and flea/tick/heartworm reminders</li>
  <li><strong>Weight tracker</strong> - monitor healthy weight trends over time</li>
  <li><strong>Grooming log</strong> - baths, nail trims, ear cleaning, and dental care</li>
  <li>Reprint any page as often as you need, for one pet or several</li>
</ul>
<h3>Who it's for</h3>
<ul>
  <li>Dog and cat owners who want records ready for boarding, daycare, groomers, and travel</li>
  <li>Pet parents managing a senior pet or an ongoing medication routine</li>
  <li>Multi-pet households that need to keep everyone's care straight</li>
  <li>New owners starting good habits from day one</li>
</ul>
<h3>Format</h3>
<p><strong>Instant PDF download, US Letter, print or use on tablet.</strong> Your download link arrives by email right after checkout and is also available on your order confirmation page. No shipping, no waiting. Print as many copies as you need for your own household, or fill it in on a tablet with any PDF annotation app.</p>
<p><em>Digital product: no physical item will be shipped. For personal, non-commercial use. This guide is educational and does not replace advice from your veterinarian or a certified trainer.</em></p>",Mavilo Pet Co.,Media > Books > E-books,Digital Guide,"digital download, pdf, printable, pet health, vaccination record, vet visits, medication log, dogs, cats",FALSE,Title,Default Title,MAV-DG-HEALTH,0,,continue,manual,9.00,,FALSE,TRUE,,,,FALSE,Pet Health & Care Record Book | Printable PDF,"Track vaccinations, vet visits, medications, weight, and grooming for dogs and cats. Printable pet health record book, instant PDF download.",draft
dog-grooming-guide,At-Home Dog Grooming Guide,"<p><strong>Groom your dog at home with confidence, and turn nail trims and bath time into calm, positive routines.</strong></p>
<p>Professional grooming is great, but the care in between visits happens at home. This step-by-step guide shows you how to brush, bathe, trim nails, clean ears, and care for teeth the low-stress way, with a schedule matched to your dog's coat type.</p>
<h3>What's inside</h3>
<ul>
  <li><strong>Brushing by coat type</strong> - smooth, double, long, curly, and wire coats, plus which tools to use</li>
  <li><strong>Bath-time walkthrough</strong> - prep, water temperature, rinsing, and drying without the drama</li>
  <li><strong>Nail trimming step by step</strong> - finding the quick, clippers vs. grinders, and what to do if you nick it</li>
  <li><strong>Ear cleaning basics</strong> and warning signs worth a vet visit</li>
  <li><strong>Tooth brushing routine</strong> - how to introduce it gradually</li>
  <li><strong>Grooming schedule by coat type</strong> and a printable grooming checklist</li>
  <li>Desensitization plan to help nervous dogs accept handling</li>
</ul>
<h3>Who it's for</h3>
<ul>
  <li>Dog owners who want to stretch the time between professional grooming appointments</li>
  <li>Owners of dogs who get anxious about paws, baths, or brushes</li>
  <li>New puppy owners building good handling habits early</li>
  <li>Anyone who wants a simple, repeatable at-home care routine</li>
</ul>
<h3>Format</h3>
<p><strong>Instant PDF download, US Letter, print or use on tablet.</strong> Your download link arrives by email right after checkout and is also available on your order confirmation page. No shipping, no waiting. Print as many copies as you need for your own household, or fill it in on a tablet with any PDF annotation app.</p>
<p><em>Digital product: no physical item will be shipped. For personal, non-commercial use. This guide is educational and does not replace advice from your veterinarian or a certified trainer.</em></p>",Mavilo Pet Co.,Media > Books > E-books,Digital Guide,"digital download, pdf, printable, dog grooming, nail trimming, dog bath, dental care, coat care",FALSE,Title,Default Title,MAV-DG-GROOM,0,,continue,manual,12.00,,FALSE,TRUE,,,,FALSE,At-Home Dog Grooming Guide | Printable PDF,"Step-by-step dog grooming at home: brushing, bathing, nail trims, ears, and teeth, with a schedule by coat type. Instant PDF download.",draft
cat-enrichment-guide,Indoor Cat Enrichment & Play Guide,"<p><strong>A bored indoor cat is a restless cat. Give yours 30 easy, low-cost ways to hunt, climb, explore, and play.</strong></p>
<p>Indoor cats live safer lives, but they still have the instincts of a hunter. This guide gives you practical, mostly DIY enrichment ideas using things you already have at home, plus a simple 4-week plan so enrichment becomes part of your routine instead of an afterthought.</p>
<h3>What's inside</h3>
<ul>
  <li><strong>30 DIY enrichment ideas</strong> - food puzzles, foraging games, scent play, window perches, and more</li>
  <li><strong>Interactive play guide</strong> - the hunt-catch-eat play sequence and how to use wand toys well</li>
  <li><strong>4-week enrichment calendar</strong> - one new idea to try each day</li>
  <li><strong>Play log</strong> to track what your cat loves (and ignores)</li>
  <li>Environment checklist - vertical space, hiding spots, scratching options, and resource placement</li>
  <li>Safety notes on strings, small parts, and toy supervision</li>
</ul>
<h3>Who it's for</h3>
<ul>
  <li>Indoor cat owners whose cats seem bored, overactive at night, or under-stimulated</li>
  <li>Apartment dwellers with limited space</li>
  <li>Owners of new kittens or newly adopted cats</li>
  <li>Multi-cat homes looking to reduce tension through play</li>
</ul>
<h3>Format</h3>
<p><strong>Instant PDF download, US Letter, print or use on tablet.</strong> Your download link arrives by email right after checkout and is also available on your order confirmation page. No shipping, no waiting. Print as many copies as you need for your own household, or fill it in on a tablet with any PDF annotation app.</p>
<p><em>Digital product: no physical item will be shipped. For personal, non-commercial use. This guide is educational and does not replace advice from your veterinarian or a certified trainer.</em></p>",Mavilo Pet Co.,Media > Books > E-books,Digital Guide,"digital download, pdf, printable, cats, indoor cat, cat enrichment, cat play, DIY cat toys",FALSE,Title,Default Title,MAV-DG-CATPLAY,0,,continue,manual,9.00,,FALSE,TRUE,,,,FALSE,Indoor Cat Enrichment & Play Guide | PDF,"30 DIY indoor cat enrichment ideas, a 4-week play calendar, and a play log to keep your cat active and happy. Instant printable PDF download.",draft
complete-pet-parent-bundle,Complete Pet Parent Bundle,"<p><strong>All five Mavilo guides in one download. Everything you need to train, care for, and track your pet, and you save $16.</strong></p>
<p>Whether you just brought home a puppy, adopted a cat, or share your home with both, this bundle gives you a complete, printable toolkit for the first days and the years that follow.</p>
<h3>What's inside</h3>
<ul>
  <li><strong>The 30-Day Puppy Training Plan</strong> ($14) - week-by-week positive reinforcement plan, daily plan table, progress tracker</li>
  <li><strong>New Pet Starter Checklist Kit (Dogs &amp; Cats)</strong> ($7) - shopping and pet-proofing checklists, first week/month plans, budget planner</li>
  <li><strong>Pet Health &amp; Care Record Book</strong> ($9) - vaccination, vet visit, medication, weight, and grooming logs</li>
  <li><strong>At-Home Dog Grooming Guide</strong> ($12) - brushing, bathing, nails, ears, teeth, schedule by coat type</li>
  <li><strong>Indoor Cat Enrichment &amp; Play Guide</strong> ($9) - 30 DIY enrichment ideas, 4-week calendar, play log</li>
  <li><strong>Total value $51, yours for $35</strong></li>
</ul>
<h3>Who it's for</h3>
<ul>
  <li>New pet parents who want everything organized from day one</li>
  <li>Households with both dogs and cats</li>
  <li>Anyone looking for a thoughtful, instantly delivered gift for a new pet owner</li>
</ul>
<h3>Format</h3>
<p><strong>Instant PDF download, US Letter, print or use on tablet.</strong> Your download link arrives by email right after checkout and is also available on your order confirmation page. No shipping, no waiting. Print as many copies as you need for your own household, or fill it in on a tablet with any PDF annotation app.</p>
<p><em>Digital product: no physical item will be shipped. For personal, non-commercial use. This guide is educational and does not replace advice from your veterinarian or a certified trainer.</em></p>",Mavilo Pet Co.,Media > Books > E-books,Digital Guide,"digital download, pdf, printable, bundle, best value, new puppy, dogs, cats, pet health, gift",FALSE,Title,Default Title,MAV-DG-BUNDLE,0,,continue,manual,35.00,51.00,FALSE,TRUE,,,,FALSE,Complete Pet Parent Bundle | 5 Printable Pet Guides,"Get all 5 Mavilo printable pet guides: puppy training, starter checklists, health records, dog grooming, and cat enrichment. Save $16.",draft
