day,platform,format,hook,caption,hashtags,visual_idea,linked_product
1,Instagram,carousel,We're Mavilo Pet Co. and we make pet care simpler.,"Meet Mavilo: printable, practical guides for real-life pet parents. Training plans, checklists, health logs, grooming how-tos, and cat enrichment ideas, all instant PDF downloads. Swipe to see what's inside, then tap the link in bio to explore.",#petparent #newpetowner #printables #petplanner #mavilopet #smallbusiness,Slide 1 brand intro; slides 2-6 each guide cover mockup on a kitchen counter with a pet nearby,complete-pet-parent-bundle
2,TikTok,reel,POV: it's day 1 with your new puppy and you have no plan.,Chaos to calm in 30 days. Our 30-Day Puppy Training Plan tells you exactly what to practice each day in 5-minute sessions. Link in bio.,#puppytraining #newpuppy #dogsofinstagram #puppytips #doglife #puppytok,"Split screen: messy day-1 montage vs. calm puppy sitting on a mat, printed plan on fridge",puppy-training-plan
3,Pinterest,pin,New Puppy Checklist: What to Buy Before Day One,Everything to buy (and what to skip) before your puppy comes home. Read the full checklist on our blog and grab the printable kit.,#newpuppychecklist #puppysupplies #newpuppy #petprintables,"Tall 1000x1500 pin, flat-lay of crate, bowls, leash, toys with checklist overlay",new-pet-starter-checklist
4,Instagram,reel,3 times your puppy MUST go potty (most people miss #2).,"After waking, after eating, after playing. Set timers for these and watch accidents drop. Want the full 30-day plan with a potty log? Link in bio.",#puppytraining #newpuppy #dogsofinstagram #puppytips #doglife #pottytraining,"Text on screen over puppy clips: 1 wake up, 2 after meals, 3 after play; end card with plan cover",puppy-training-plan
5,TikTok,reel,Your indoor cat isn't lazy. They're bored.,"Try this 30-second DIY puzzle: toilet paper tube, a few holes, some kibble. Our Indoor Cat Enrichment Guide has 29 more ideas. Link in bio.",#indoorcat #catenrichment #catsofinstagram #cattips #catlife #cattok #diycattoys,"Hands making the tube puzzle, cat batting it around, cover reveal",cat-enrichment-guide
6,Instagram,story,Quick poll: how many nail trims did your dog tolerate last time?,"Poll: All 10 / A few / Zero, we wrestled. Tomorrow we share a calm, step-by-step method. Stay tuned.",#doggrooming #dognails #dogcare #groomingtips #dogsofinstagram,Poll sticker over photo of dog side-eyeing nail clippers,dog-grooming-guide
7,Pinterest,pin,How to Trim Dog Nails at Home Without Stress,"A step-by-step approach to nail trims: finding the quick, choosing tools, and helping nervous dogs relax. Read the guide on our blog.",#dognails #doggroomingtips #dogcare #pettips,"Close-up infographic of a dog nail showing the quick, clipper angle diagram",dog-grooming-guide
8,Instagram,carousel,The 6-step way to make nail trims less scary.,"Touch paw, treat. Hold paw, treat. Show clippers, treat. Tap nail, treat. Trim one nail, big treat. Repeat daily. Full coat-type grooming schedule in our At-Home Dog Grooming Guide. Link in bio.",#doggrooming #dognails #dogcare #groomingtips #dogsofinstagram,Six slides each with a numbered step and a photo of a relaxed dog,dog-grooming-guide
9,TikTok,reel,Boarding kennel: 'We need proof of rabies vaccine.' Me:,"Never scramble for vet records again. Our Pet Health & Care Record Book keeps vaccines, vet visits, meds, and weight in one place. Link in bio.",#pethealth #dogmom #catmom #petparent #vetvisit #pettok,"Comedic skit digging through drawers and emails, then calmly opening a printed record book",pet-health-record-book
10,Pinterest,pin,Printable Pet Vaccination Record (Dogs & Cats),"Track vaccines, due dates, and vet visits with a printable pet health record. Instant PDF download.",#petvaccinationrecord #pethealthrecord #petprintables #dogmom,Mockup of vaccination record page on a clipboard next to a stethoscope and a cat,pet-health-record-book
11,Instagram,reel,What $7 of planning saves you before your new pet arrives.,"Our New Pet Starter Checklist Kit: shopping lists for dogs and cats, room-by-room pet-proofing, first week and first month plans, and a budget planner. Link in bio.",#newpetowner #adoptdontshop #newpuppy #newkitten #petprintables,Fast flip-through of printed checklist pages being checked off with a marker,new-pet-starter-checklist
12,Instagram,story,Behind the scenes: how we design our guides,Every Mavilo guide is written to be printer-friendly and easy to follow. Sneak peek of the pages. Tap the sticker to shop.,#petparent #newpetowner #printables #petplanner #mavilopet,Screen recording of scrolling through PDF pages with link sticker,complete-pet-parent-bundle
13,TikTok,reel,The hunt-catch-eat play trick that calms nighttime zoomies.,"Wand toy play that mimics a hunt, then a small meal. Many cats settle right down. More in our Indoor Cat Enrichment & Play Guide. Link in bio.",#indoorcat #catenrichment #catsofinstagram #cattips #catlife #cattok,"Cat stalking wand toy in the evening, then eating, then curled up asleep",cat-enrichment-guide
14,Pinterest,pin,30 Indoor Cat Enrichment Ideas (Mostly DIY),"Keep your indoor cat happy with food puzzles, scent games, vertical space, and play routines. Read our blog post and grab the printable 4-week calendar.",#indoorcatenrichment #diycattoys #catcare #cattips,Collage grid of 9 DIY enrichment ideas with bold title band,cat-enrichment-guide
15,Instagram,carousel,"Week 1 of puppy training, in 5 slides.","Name game, crate comfort, potty schedule, gentle handling, and a marker word. That's week 1 of our 30-Day Puppy Training Plan. Save this and tap the link in bio for weeks 2-4.",#puppytraining #newpuppy #dogsofinstagram #puppytips #doglife,Clean branded slides with one skill per slide and a puppy photo,puppy-training-plan
16,Instagram,reel,Halfway through the month: here's the value math.,"All 5 Mavilo guides separately: $51. The Complete Pet Parent Bundle: $35. Training, checklists, health records, grooming, and cat enrichment in one download. Link in bio.",#petparent #newpetowner #printables #petplanner #mavilopet,"Price tags stacking up for each guide, then a single bundle tag slamming down",complete-pet-parent-bundle
17,TikTok,reel,Things I wish I knew before getting a puppy.,1. They sleep 18+ hours. 2. Enzyme cleaner is a must. 3. Five-minute training beats one long session. Our 30-Day plan makes it easy. Link in bio.,#puppytraining #newpuppy #dogsofinstagram #puppytips #doglife #puppytok,"Talking-head style with puppy on lap, text overlays for each tip",puppy-training-plan
18,Pinterest,pin,How to Potty Train a Puppy in 30 Days,"A week-by-week potty training plan with schedules, crate tips, and accident fixes. Read the full plan on our blog.",#pottytrainingpuppy #puppytraining #newpuppytips #dogtraining,Week 1-4 timeline graphic with a puppy on grass,puppy-training-plan
19,Instagram,story,Quiz: which of these plants are toxic to cats?,"Lily, spider plant, pothos, Boston fern. Answer in the next slide. (Lilies are extremely dangerous to cats; pothos is also toxic; spider plant and Boston fern are generally considered non-toxic.) More safety tips in our cat guide.",#indoorcat #catenrichment #catsofinstagram #cattips #catlife,"Quiz sticker with 4 plant photos, reveal slide with checkmarks and X marks",cat-enrichment-guide
20,Instagram,carousel,Your pet's health record should include these 8 things.,"Profile and microchip, vaccines, vet visits, medications, preventives, weight, allergies, and emergency contacts. Our printable record book has a page for each. Link in bio.",#pethealth #dogmom #catmom #petparent #vetvisit,8 slides each showing a sample page from the record book,pet-health-record-book
21,TikTok,reel,"Grooming schedule by coat type, explained in 30 seconds.","Short coats, double coats, long coats, curly coats: they all need different brushing routines. Our At-Home Dog Grooming Guide has the full schedule. Link in bio.",#doggrooming #dognails #dogcare #groomingtips #dogsofinstagram #dogtok,Quick cuts of 4 different dogs with coat type labels and brush icons,dog-grooming-guide
22,Pinterest,pin,New Pet Budget Planner: What a Puppy or Kitten Really Costs,Plan one-time setup costs and monthly expenses before adoption. Printable budget planner included in our starter kit.,#petbudget #newpuppy #newkitten #adoptionday #petprintables,Budget planner page mockup with a calculator and coffee mug,new-pet-starter-checklist
23,Instagram,reel,Adoption day checklist in 15 seconds.,ID tag on. Crate ready. Enzyme cleaner stocked. Vet visit booked. Get the full printable New Pet Starter Checklist Kit in our shop. Link in bio.,#adoptionday #adoptdontshop #newpetowner #rescuedog #rescuecat,Quick checklist ticks over clips of a family bringing home a rescue,new-pet-starter-checklist
24,Instagram,story,Gift idea for the new pet parent in your life.,"Instant delivery, no shipping, no guesswork: the Complete Pet Parent Bundle. Tap to shop.",#petparent #newpetowner #printables #petplanner #mavilopet #giftideas,Gift-box graphic with bundle covers and link sticker,complete-pet-parent-bundle
25,TikTok,reel,Rating my cat's reaction to 5 DIY enrichment toys.,"Egg carton treat hunt, cardboard box ambush, paper bag tunnel, scent sock, window perch. Which won? Find all 30 ideas in our guide. Link in bio.",#indoorcat #catenrichment #catsofinstagram #cattips #catlife #cattok,Ranking format with cat reactions and a scorecard overlay,cat-enrichment-guide
26,Pinterest,pin,Printable Dog Grooming Checklist and Schedule,"A simple weekly and monthly grooming routine for brushing, bathing, nails, ears, and teeth. Instant PDF download.",#doggroomingchecklist #dogcare #dogprintables #groomingschedule,"Printable checklist mockup with brush, clippers, and toothbrush flat-lay",dog-grooming-guide
27,Instagram,carousel,Puppy biting? Try this instead of saying 'no'.,"Redirect to a chew toy, reward calm mouths, and end play for a moment if teeth hit skin. Consistency is everything. Our 30-Day plan covers nipping and more. Link in bio.",#puppytraining #newpuppy #dogsofinstagram #puppytips #doglife #puppybiting,Slides with do/don't icons and a puppy chewing a toy,puppy-training-plan
28,TikTok,reel,The two-minute habit that keeps vet visits stress-free.,"Update your pet's record right after each appointment: vaccine, date, next due date. Our Pet Health & Care Record Book makes it easy. Link in bio.",#pethealth #dogmom #catmom #petparent #vetvisit #pettok,"Person in car after vet visit filling in the record book, dog in back seat",pet-health-record-book
29,Instagram,reel,Our community's favorite guide this month is...,"Drumroll: the Complete Pet Parent Bundle. Five guides, one download, $35 instead of $51. Thank you for a great first month. Link in bio.",#petparent #newpetowner #printables #petplanner #mavilopet,Countdown reveal of guide covers ending on the bundle,complete-pet-parent-bundle
30,Pinterest,pin,Complete Pet Parent Bundle: 5 Printable Pet Care Guides,"Puppy training, new pet checklists, health records, dog grooming, and cat enrichment in one bundle. Save $16. Instant PDF download.",#petprintables #petparent #newpuppy #indoorcat #petplanner,All five cover mockups fanned out on a table with a dog and cat,complete-pet-parent-bundle
